"id_node","label_node",,"gender_por","gender_eng","gender_fren","nationality_por","nationality_eng","nationality_fren","grave_country_por","grave_country_eng","grave_country_fren","occupation_por","occupation_eng","occupation_fren","year_birth","year_death","midpoint"
1,"Marcel Duchamp",,"Masculino","Male","Homme","França","France","France","França","France","France","Artista","Artist","Artiste",1887,1968,
2,"Suzanne Duchamp",,"Feminino","Female","Féminin","França","France","France","França","France","France","Artista","Artist","Artiste",1889,1963,
3,"Charles Desmares",,"Masculino","Male","Homme","França","France","France","NA","NA","NA","Farmacêutico","Pharmaceutical","Pharmaceutique","NA","NA",
4,"Jacques Villon",,"Masculino","Male","Homme","França","France","France","França","France","France","Artista","Artist","Artiste",1875,1963,
5,"Louis Vauxcelles",,"Masculino","Male","Homme","França","France","France","França","France","France","Crítico de arte","Art critic","Critique d'art",1870,1943,
6,"Raymond Duchamp-Villon",,"Masculino","Male","Homme","França","France","France","França","France","France","Artista","Artist","Artiste",1876,1918,
7,"Walter Pach",,"Masculino","Male","Homme","EUA","USA","Etats-Unis","EUA","USA","Etats-Unis","Consultor de arte","Art consultant","Conseiller artistique",1883,1958,
8,"Magdaleine Frohberg",,"Feminino","Female","Féminin","Alemanha","Germany","Allemagne","NA","NA","NA","Artista","Artist","Artiste",1914,1958,
9,"Yvonne Duchamp",,"Feminino","Female","Féminin","França","France","France","NA","NA","NA","NA","NA","NA",1895,1969,
10,"Gaby Villon",,"Feminino","Female","Féminin","NA","NA","NA","NA","NA","NA","NA","NA","NA",1879,1968,
11,"Constantin Brancusi",,"Masculino","Male","Homme","Romênia","Romania","Roumanie","França","France","France","Artista","Artist","Artiste",1876,1957,
12,"Robert Delaunay",,"Masculino","Male","Homme","França","France","France","França","France","France","Artista","Artist","Artiste",1885,1941,
13,"Frederic C. Torrey",,"Masculino","Male","Homme","EUA","USA","Etats-Unis","NA","NA","NA","Art Dealer","Art Dealer","Marchand d'art",1864,1953,
14,"Francis Picabia",,"Masculino","Male","Homme","França","France","France","França","France","France","Artista","Artist","Artiste",1879,1953,
15,"Georges Ribemont-Dessaignes",,"Masculino","Male","Homme","França","France","France","França","France","France","Escritor","Writer","Écrivain",1884,1974,
16,"Arthur B. Davies",,"Masculino","Male","Homme","EUA","USA","Etats-Unis","Itália","Italy","Italie","Artista","Artist","Artiste",1862,1928,
17,"Walt Kuhn ",,"Masculino","Male","Homme","EUA","USA","Etats-Unis","EUA","USA","Etats-Unis","Artista","Artist","Artiste",1877,1949,
18,"Alexandre Mercerau",,"Masculino","Male","Homme","França","France","France","França","France","France","Escritor","Writer","Écrivain",1884,1945,
19,"Albert Gleizes",,"Masculino","Male","Homme","França","France","France","França","France","France","Artista","Artist","Artiste",1881,1953,
20,"John Quinn",,"Masculino","Male","Homme","EUA","USA","Etats-Unis","EUA","USA","Etats-Unis","Colecionador de Arte","Art collector","Collectionneur d'art",1870,1924,
21,"Frederick James Gregg",,"Masculino","Male","Homme","EUA","USA","Etats-Unis","NA","NA","NA","Crítico de arte","Art critic","Critique d'art","NA",1928,
22,"Bella Greene",,"Feminino","Female","Féminin","EUA","USA","Etats-Unis","EUA","USA","Etats-Unis","Bibliotecária","Librarian","Bibliothécaire",1883,1950,
23,"Jean Crotti",,"Masculino","Male","Homme","Suiça","Switzerland","Suisse","França","France","France","Artista","Artist","Artiste",1878,1958,
24,"Yvonne Chastel",,"Feminino","Female","Féminin","NA","NA","NA","NA","NA","NA","NA","NA","NA","NA","NA",
25,"Bernard Naudin",,"Masculino","Male","Homme","França","France","France","França","France","France","Artista","Artist","Artiste",1876,1946,
26,"Katherine Dreier",,"Feminino","Female","Féminin","EUA","USA","Etats-Unis","EUA","USA","Etats-Unis","Colecionador de Arte","Art collector","Collectionneur d'art",1877,1952,
27,"Ettie Stettheimer",,"Feminino","Female","Féminin","EUA","USA","Etats-Unis","EUA","USA","Etats-Unis","Intelectual","Intellectual"," Intellectuel",1874,1955,
28,"Carrie Stettheimer",,"Feminino","Female","Féminin","EUA","USA","Etats-Unis","EUA","USA","Etats-Unis","Artesão"," Craftsman"," Artisan",1870,1944,
29,"Florine Stettheimer",,"Feminino","Female","Féminin","EUA","USA","Etats-Unis","EUA","USA","Etats-Unis","Artista","Artist","Artiste",1871,1944,
30,"Avery Hopwood",,"Masculino","Male","Homme","EUA","USA","Etats-Unis","França","France","France","Escritor","Writer","Écrivain",1882,1928,
31,"Louise Arensberg",,"Feminino","Female","Féminin","Alemanha","Germany","Allemagne","EUA","USA","Etats-Unis","Colecionador de Arte","Art collector","Collectionneur d'art",1879,1953,
32,"Walter Arensberg",,"Masculino","Male","Homme","EUA","USA","Etats-Unis","EUA","USA","Etats-Unis","Colecionador de Arte","Art collector","Collectionneur d'art",1878,1954,
33,"Aileen Dresser",,"Feminino","Female","Féminin","NA","NA","NA","NA","NA","NA","Ator","Actor","Acteur",1889,1955,
34,"Beatrice Wood",,"Feminino","Female","Féminin","EUA","USA","Etats-Unis","EUA","USA","Etats-Unis","Artista","Artist","Artiste",1893,1998,
35,"Helen Freeman",,"Feminino","Female","Féminin","EUA","USA","Etats-Unis","EUA","USA","Etats-Unis","Ator","Actor","Acteur",1886,1960,
36,"Henri-Pierre Roché",,"Masculino","Male","Homme","França","France","France","França","France","France","Escritor","Writer","Écrivain",1879,1959,
37,"Alfred Stieglitz",,"Masculino","Male","Homme","EUA","USA","Etats-Unis","EUA","USA","Etats-Unis","Fotógrafo","Photographer","Photographe",1864,1946,
38,"Edgard Varèse",,"Masculino","Male","Homme","França","France","France","EUA","USA","Etats-Unis","Compositor"," Composer"," Compositeur",1883,1965,
39,"Marius de Zayas",,"Masculino","Male","Homme","México","Mexico","Mexique","EUA","USA","Etats-Unis","Galerista","Gallery owner","Propriétaire de la galerie",1880,1961,
40,"Allen Norton",,"Masculino","Male","Homme","EUA","USA","Etats-Unis","EUA","USA","Etats-Unis","Escritor","Writer","Écrivain",1890,1944,
41,"Henri-Martin Barzun",,"Masculino","Male","Homme","França","France","France","EUA","USA","Etats-Unis","Escritor","Writer","Écrivain",1890,1944,
42,"Morton Schamberg",,"Masculino","Male","Homme","EUA","USA","Etats-Unis","EUA","USA","Etats-Unis","Escritor","Writer","Écrivain",1881,1918,
43,"Guillaume Apollinaire",,"Masculino","Male","Homme","Itália","Italy","Italie","França","France","France","Escritor","Writer","Écrivain",1880,1918,
44,"Arthur Cravan",,"Masculino","Male","Homme","Suiça","Switzerland","Suisse","México","Mexico","Mexique","Escritor","Writer","Écrivain",1887,1918,
45,"Mina Loy",,"Feminino","Female","Féminin","Reino Unido","UK","Grande Bretagne","EUA","USA","Etats-Unis","Escritor","Writer","Écrivain",1882,1966,
46,"Elmer Ernest Southard",,"Masculino","Male","Homme","EUA","USA","Etats-Unis","EUA","USA","Etats-Unis","Psiquiatra"," Psychiatrist"," Psychiatre",1876,1920,
47,"Alfredo Sidès",,"Masculino","Male","Homme","Líbano","Lebanon","Liban","NA","NA","NA","Comerciante"," Trader"," Marchand","NA","NA",
48,"Elie Nadelman",,"Masculino","Male","Homme","Polônia","Poland","Pologne","EUA","USA","Etats-Unis","Artista","Artist","Artiste",1882,1946,
49,"Carl Van Vechten",,"Masculino","Male","Homme","EUA","USA","Etats-Unis","EUA","USA","Etats-Unis","Escritor","Writer","Écrivain",1880,1964,
50,"Man Ray",,"Masculino","Male","Homme","EUA","USA","Etats-Unis","França","France","France","Artista","Artist","Artiste",1890,1976,
51,"Robert Carlton Brown",,"Masculino","Male","Homme","EUA","USA","Etats-Unis","EUA","USA","Etats-Unis","Escritor","Writer","Écrivain",1886,1959,
52,"Gaston Lachaise",,"Masculino","Male","Homme","França","France","France","EUA","USA","Etats-Unis","Artista","Artist","Artiste",1882,1935,
53,"Leo Stein",,"Masculino","Male","Homme","EUA","USA","Etats-Unis","Itália","Italy","Italie","Colecionador de Arte","Art collector","Collectionneur d'art",1872,1946,
54,"Robert J. Coady",,"Masculino","Male","Homme","EUA","USA","Etats-Unis","NA","NA","NA","Galerista","Gallery owner","Propriétaire de la galerie",1876,1921,
55,"Newman Emerson Montross",,"Masculino","Male","Homme","EUA","USA","Etats-Unis","EUA","USA","Etats-Unis","Galerista","Gallery owner","Propriétaire de la galerie",1849,1932,
56,"Frank J. Marshall",,"Masculino","Male","Homme","EUA","USA","Etats-Unis","EUA","USA","Etats-Unis","Enxadrista","Chess Player","Joueur d'échec",1877,1944,
57,"Bessie Breuer",,"Feminino","Female","Féminin","EUA","USA","Etats-Unis","EUA","USA","Etats-Unis","Jornalista"," Journalist"," Journaliste",1893,1975,
58,"Tristan Tzara",,"Masculino","Male","Homme","Romênia","Romania","Roumanie","França","France","France","Artista","Artist","Artiste",1896,1963,
59,"Germaine Everling",,"Feminino","Female","Féminin","NA","NA","NA","NA","NA","NA","Escritor","Writer","Écrivain",1886,1976,
60,"Peter Juley",,"Masculino","Male","Homme","Alemanha","Germany","Allemagne","EUA","USA","Etats-Unis","Fotógrafo","Photographer","Photographe",1862,1937,
61,"Charles Sheeler",,"Masculino","Male","Homme","EUA","USA","Etats-Unis","EUA","USA","Etats-Unis","Artista","Artist","Artiste",1883,1965,
62,"Madeleine Turban",,"Feminino","Female","Féminin","NA","NA","NA","NA","NA","NA","NA","NA","NA","NA","NA",
63,"Georges Carpentier",,"Masculino","Male","Homme","França","France","France","França","France","France","Pugilista"," Boxer"," Boxeur",1894,1975,
64,"André Lhote",,"Masculino","Male","Homme","França","France","France","França","France","France","Artista","Artist","Artiste",1885,1962,
65,"Paul Thévenaz",,"Masculino","Male","Homme","Suiça","Switzerland","Suisse","EUA","USA","Etats-Unis","Artista","Artist","Artiste",1891,1921,
66,"Marsden Hartley",,"Masculino","Male","Homme","EUA","USA","Etats-Unis","EUA","USA","Etats-Unis","Artista","Artist","Artiste",1877,1943,
67,"Léonce Rosenberg",,"Masculino","Male","Homme","França","France","France","França","France","France","Art Dealer","Art Dealer","Marchand d'art",1879,1947,
68,"Alice Prin",,"Feminino","Female","Féminin","França","France","France","França","France","France","Artista","Artist","Artiste",1901,1953,
69,"Charles Daniel",,"Masculino","Male","Homme","NA","NA","NA","NA","NA","NA","Galerista","Gallery owner","Propriétaire de la galerie",1856,1934,
70,"Joseph Stella",,"Masculino","Male","Homme","Itália","Italy","Italie","EUA","USA","Etats-Unis","Artista","Artist","Artiste",1877,1946,
71,"Henry McBride",,"Masculino","Male","Homme","EUA","USA","Etats-Unis","EUA","USA","Etats-Unis","Crítico de arte","Art critic","Critique d'art",1867,1962,
72,"Fania Marinoff",,"Feminino","Female","Féminin","Ucrânia","Ukraine","Ukraine","EUA","USA","Etats-Unis","Ator","Actor","Acteur",1890,1971,
73,"Gaby Buffet-Picabia",,"Feminino","Female","Féminin","França","France","France","França","France","France","Escritor","Writer","Écrivain",1881,1985,
74,"Nicole Groult ",,"Feminino","Female","Féminin","França","France","France","França","France","France","Estilista"," Stylist","Styliste",1887,1967,
75,"Léon Hartl",,"Masculino","Male","Homme","França","France","France","EUA","USA","Etats-Unis","Artista","Artist","Artiste",1889,1973,
76,"Elsa von Freytag-Loringhoven",,"Feminino","Female","Féminin","Polônia","Poland","Pologne","França","France","France","Artista","Artist","Artiste",1874,1927,
77,"Pierre de Massot",,"Masculino","Male","Homme","França","France","France","França","France","France","Escritor","Writer","Écrivain",1900,1969,
78,"Jane Heap",,"Feminino","Female","Féminin","EUA","USA","Etats-Unis","Reino Unido","UK","Grande Bretagne","Publisher","Publisher","Éditeur",1886,1973,
79,"Margaret Anderson",,"Feminino","Female","Féminin","EUA","USA","Etats-Unis","França","France","France","Publisher","Publisher","Éditeur",1886,1973,
80,"Robert Evans Locher",,"Masculino","Male","Homme","EUA","USA","Etats-Unis","EUA","USA","Etats-Unis","Artista","Artist","Artiste",1888,1956,
81,"Alfred Kreymborg",,"Masculino","Male","Homme","EUA","USA","Etats-Unis","EUA","USA","Etats-Unis","Escritor","Writer","Écrivain",1883,1966,
82,"Darius Milhaud",,"Masculino","Male","Homme","França","France","France","Suiça","Switzerland","Suisse","Compositor"," Composer"," Compositeur",1892,1974,
83,"André Breton",,"Masculino","Male","Homme","França","France","France","França","France","France","Escritor","Writer","Écrivain",1896,1966,
84,"Max Weber",,"Masculino","Male","Homme","Polônia","Poland","Pologne","EUA","USA","Etats-Unis","Artista","Artist","Artiste",1881,1961,
85,"Madge Lipton",,"Feminino","Female","Féminin","NA","NA","NA","NA","NA","NA","NA","NA","NA","NA","NA",
86,"Georgette Leblanc",,"Feminino","Female","Féminin","França","France","France","França","France","France","Ator","Actor","Acteur",1869,1941,
87,"Jacques Doucet",,"Masculino","Male","Homme","França","France","France","França","France","France","Colecionador de Arte","Art collector","Collectionneur d'art",1853,1929,
88,"Paul Morand",,"Masculino","Male","Homme","França","France","France","França","France","France","Escritor","Writer","Écrivain",1888,1976,
89,"Frederick Kracke",,"Masculino","Male","Homme","EUA","USA","Etats-Unis","EUA","USA","Etats-Unis","US Customs official","US Customs official"," ",1869,1955,
90,"Forbes Watson",,"Masculino","Male","Homme","EUA","USA","Etats-Unis","EUA","USA","Etats-Unis","Crítico de arte","Art critic","Critique d'art",1879,1960,
91,"Edward Steinchen",,"Masculino","Male","Homme","Luxemburgo","Luxembourg","Luxembourg","EUA","USA","Etats-Unis","Fotógrafo","Photographer","Photographe",1879,1973,
92,"Mary Rumsey",,"Feminino","Female","Féminin","EUA","USA","Etats-Unis","EUA","USA","Etats-Unis","Filantropo","Philanthropist","Philanthrope",1881,1934,
93,"Yasuo Kuniyoshi",,"Masculino","Male","Homme","Japão","Japan","Japon","EUA","USA","Etats-Unis","Fotógrafo","Photographer","Photographe",1889,1953,
94,"Earl Horter",,"Masculino","Male","Homme","EUA","USA","Etats-Unis","EUA","USA","Etats-Unis","Artista","Artist","Artiste",1881,1940,
95,"William Hekking",,"Masculino","Male","Homme","EUA","USA","Etats-Unis","EUA","USA","Etats-Unis","Galerista","Gallery owner","Propriétaire de la galerie",1885,1970,
96,"Lydie Sarazin-Levassor",,"Feminino","Female","Féminin","França","France","France","França","France","France","Escritor","Writer","Écrivain",1902,1988,
97,"Maurice Lefèbvre-Foinet",,"Masculino","Male","Homme","França","France","France","NA","NA","NA","Colecionador de Arte","Art collector","Collectionneur d'art",1902,1984,
98,"Alexander Bing",,"Masculino","Male","Homme","EUA","USA","Etats-Unis","NA","NA","NA","Colecionador de Arte","Art collector","Collectionneur d'art",1878,1959,
99,"Florence Bing",,"Feminino","Female","Féminin","EUA","USA","Etats-Unis","NA","NA","NA","NA","NA","NA","NA","NA",
100,"Louis Michel Eilshemius",,"Masculino","Male","Homme","EUA","USA","Etats-Unis","EUA","USA","Etats-Unis","Artista","Artist","Artiste",1864,1941,
101,"Georgia O'Keeffe",,"Feminino","Female","Féminin","EUA","USA","Etats-Unis","EUA","USA","Etats-Unis","Artista","Artist","Artiste",1887,1986,
102,"Max Ernst",,"Masculino","Male","Homme","Alemanha","Germany","Allemagne","França","France","France","Artista","Artist","Artiste",1891,1976,
103,"Herwarh Walden",,"Masculino","Male","Homme","Alemanha","Germany","Allemagne","Rússia","Russia","Russie","Escritor","Writer","Écrivain",1878,1941,
104,"Joseph Brummer",,"Masculino","Male","Homme","Hungria","Hungary","Hongrie","EUA","USA","Etats-Unis","Galerista","Gallery owner","Propriétaire de la galerie",1883,1947,
105,"Jules Pascin",,"Masculino","Male","Homme","Bulgária","Bulgaria","Bulgarie","França","France","France","Artista","Artist","Artiste",1885,1930,
106,"Waldemar George",,"Masculino","Male","Homme","Polônia","Poland","Pologne","França","France","France","Crítico de arte","Art critic","Critique d'art",1893,1969,
107,"Louis Aragon",,"Masculino","Male","Homme","França","France","France","França","France","France","Escritor","Writer","Écrivain",1897,1982,
108,"Camille Goëmans",,"Masculino","Male","Homme","Bélgica","Belgium","Belgique","Bélgica","Belgium","Belgique","Escritor","Writer","Écrivain",1900,1960,
109,"Christian Zervos",,"Masculino","Male","Homme","Grécia","Greece","Grèce","França","France","France","Escritor","Writer","Écrivain",1889,1970,
110,"Amédée Ozenfant",,"Masculino","Male","Homme","França","France","France","França","France","France","Artista","Artist","Artiste",1886,1966,
111,"Mary Reynolds",,"Feminino","Female","Féminin","EUA","USA","Etats-Unis","EUA","USA","Etats-Unis","Artesão"," Craftsman"," Artisan",1891,1950,
112,"Salvador Dalí",,"Masculino","Male","Homme","Espanha","Spain","Espagne","Espanha","Spain","Espagne","Artista","Artist","Artiste",1904,1989,
113,"Gala Eluard",,"Feminino","Female","Féminin","Rússia","Russia","Russie","Espanha","Spain","Espagne","NA","NA","NA",1894,1982,
114,"Stephen C. Clark",,"Masculino","Male","Homme","EUA","USA","Etats-Unis","EUA","USA","Etats-Unis","Colecionador de Arte","Art collector","Collectionneur d'art",1882,1960,
115,"Frank Crowninshield",,"Masculino","Male","Homme","França","France","France","EUA","USA","Etats-Unis","Crítico de arte","Art critic","Critique d'art",1872,1947,
116,"Albert Eugene Gallatin",,"Masculino","Male","Homme","EUA","USA","Etats-Unis","EUA","USA","Etats-Unis","Colecionador de Arte","Art collector","Collectionneur d'art",1881,1952,
117,"Peggy Guggenheim",,"Feminino","Female","Féminin","EUA","USA","Etats-Unis","Itália","Italy","Italie","Colecionador de Arte","Art collector","Collectionneur d'art",1898,1979,
118,"Florette Seligman Guggenheim",,"Feminino","Female","Féminin","EUA","USA","Etats-Unis","EUA","USA","Etats-Unis","NA","NA","NA",1870,1937,
119,"Albert C. Barnes",,"Masculino","Male","Homme","EUA","USA","Etats-Unis","EUA","USA","Etats-Unis","Colecionador de Arte","Art collector","Collectionneur d'art",1872,1951,
120,"Agnes Ernst Meyer",,"Feminino","Female","Féminin","EUA","USA","Etats-Unis","EUA","USA","Etats-Unis","Filantropo","Philanthropist","Philanthrope",1887,1970,
121,"Alice Roullier",,"Feminino","Female","Féminin","EUA","USA","Etats-Unis","EUA","USA","Etats-Unis","Galerista","Gallery owner","Propriétaire de la galerie",1883,1963,
122,"Robert Sturgis Ingersoll",,"Masculino","Male","Homme","EUA","USA","Etats-Unis","EUA","USA","Etats-Unis","Representante de Museu","Museum Representative","Représentant du musée",1891,1973,
123,"Maurice Speiser",,"Masculino","Male","Homme","EUA","USA","Etats-Unis","EUA","USA","Etats-Unis","Advogado"," Attorney"," Avocat",1880,1948,
124,"Alfred H. Barr Jr. ",,"Masculino","Male","Homme","EUA","USA","Etats-Unis","EUA","USA","Etats-Unis","Representante de Museu","Museum Representative","Représentant du musée",1902,1981,
125,"Julien Levy",,"Masculino","Male","Homme","EUA","USA","Etats-Unis","EUA","USA","Etats-Unis","Art Dealer","Art Dealer","Marchand d'art",1906,1981,
126,"Albert Skira ",,"Masculino","Male","Homme","Suiça","Switzerland","Suisse","Suiça","Switzerland","Suisse","Publisher","Publisher","Éditeur",1904,1973,
127,"Katharine Dudley",,"Feminino","Female","Féminin","EUA","USA","Etats-Unis","NA","NA","NA","Artista","Artist","Artiste","NA","NA",
128,"Clarence J. Bulliet",,"Masculino","Male","Homme","EUA","USA","Etats-Unis","EUA","USA","Etats-Unis","Crítico de arte","Art critic","Critique d'art",1883,1952,
129,"Arthur Heun",,"Masculino","Male","Homme","EUA","USA","Etats-Unis","NA","NA","NA","Arquiteto","Architect","Architecte",1866,1946,
130,"Elizabeth Fuller Goodspeed",,"Feminino","Female","Féminin","EUA","USA","Etats-Unis","NA","NA","NA","Socialite","Socialite"," Socialite mondain",1893,1980,
131,"Mariette Mills",,"Feminino","Female","Féminin","França","France","France","NA","NA","NA","Artista","Artist","Artiste",1875,1948,
132,"Jean Arp",,"Masculino","Male","Homme","França","France","France","Suiça","Switzerland","Suisse","Artista","Artist","Artiste",1886,1966,
133,"Magdeleine Duchamp",,"Feminino","Female","Féminin","França","France","France","França","France","France","NA","NA","NA",1898,1979,
134,"George Of",,"Masculino","Male","Homme","EUA","USA","Etats-Unis","EUA","USA","Etats-Unis","Artista","Artist","Artiste",1876,1954,
135,"John Davidson",,"Masculino","Male","Homme","EUA","USA","Etats-Unis","NA","NA","NA","Artista","Artist","Artiste",1887,1968,
136,"Naum Gabo",,"Masculino","Male","Homme","Rússia","Russia","Russie","EUA","USA","Etats-Unis","Artista","Artist","Artiste",1890,1977,
137,"Antoine Pevsner",,"Masculino","Male","Homme","Rússia","Russia","Russie","França","France","France","Artista","Artist","Artiste",1884,1962,
138,"Georges Hugnet",,"Masculino","Male","Homme","França","France","France","França","France","France","Artista","Artist","Artiste",1906,1974,
139,"Frederick Kiesler",,"Masculino","Male","Homme","Ucrânia","Ukraine","Ukraine","EUA","USA","Etats-Unis","Arquiteto","Architect","Architecte",1890,1965,
140,"Berenice Abbott",,"Feminino","Female","Féminin","EUA","USA","Etats-Unis","EUA","USA","Etats-Unis","Fotógrafo","Photographer","Photographe",1898,1990,
141,"Adon Lacroix",,"Feminino","Female","Féminin","Bélgica","Belgium","Belgique","EUA","USA","Etats-Unis","Escritor","Writer","Écrivain",1887,1975,
142,"John E. Abbott",,"Masculino","Male","Homme","NA","NA","NA","NA","NA","NA","Diretor"," Director"," Directeur","NA","NA",
143,"Jaqueline Lamba",,"Feminino","Female","Féminin","França","France","France","França","France","France","Artista","Artist","Artiste",1910,1993,
144,"Alphonse Duvernoy",,"Masculino","Male","Homme","França","France","France","NA","NA","NA","NA","NA","NA",1878,1962,
145,"Robert Desnos",,"Masculino","Male","Homme","França","France","France","França","France","France","Escritor","Writer","Écrivain",1900,1945,
146,"Frank Brookes Hubachek",,"Masculino","Male","Homme","EUA","USA","Etats-Unis","NA","NA","NA","Advogado"," Attorney"," Avocat",1894,1950,
147,"René Lefèbvre-Foinet",,"Masculino","Male","Homme","NA","NA","NA","NA","NA","NA","Art Handler","Art Handler","Art Handler","NA","NA",
148,"Sidney Janis",,"Masculino","Male","Homme","EUA","USA","Etats-Unis","EUA","USA","Etats-Unis","Galerista","Gallery owner","Propriétaire de la galerie",1896,1989,
149,"Elizabeth H. Paepke",,"Feminino","Female","Féminin","EUA","USA","Etats-Unis","EUA","USA","Etats-Unis","Filantropo","Philanthropist","Philanthrope",1902,1994,
150,"Frida Kahlo",,"Feminino","Female","Féminin","México","Mexico","Mexique","México","Mexico","Mexique","Artista","Artist","Artiste",1907,1954,
151,"Diego Rivera",,"Masculino","Male","Homme","México","Mexico","Mexique","México","Mexico","Mexique","Artista","Artist","Artiste",1886,1957,
152,"Elsa Schiaparelli",,"Feminino","Female","Féminin","Itália","Italy","Italie","França","France","France","Estilista"," Stylist","Styliste",1890,1973,
153,"Wolfgang Paalen",,"Masculino","Male","Homme","Áustria","Austria","L'Autriche","México","Mexico","Mexique","Artista","Artist","Artiste",1905,1959,
154,"Benjamin Péret",,"Masculino","Male","Homme","França","France","France","França","France","France","Escritor","Writer","Écrivain",1899,1959,
155,"Jimmy Ernst",,"Masculino","Male","Homme","Alemanha","Germany","Allemagne","EUA","USA","Etats-Unis","Artista","Artist","Artiste",1920,1984,
156,"Pablo Picasso",,"Masculino","Male","Homme","Espanha","Spain","Espagne","França","France","France","Artista","Artist","Artiste",1881,1973,
157,"Virgil Thomson",,"Masculino","Male","Homme","EUA","USA","Etats-Unis","EUA","USA","Etats-Unis","Compositor"," Composer"," Compositeur",1896,1989,
158,"Antonin Heythum",,"Masculino","Male","Homme","República Tcheca","Czech republic"," République tchèque","Alemanha","Germany","Allemagne","Artesão"," Craftsman"," Artisan",1901,1954,
159,"George Koltanowski",,"Masculino","Male","Homme","Bélgica","Belgium","Belgique","EUA","USA","Etats-Unis","Enxadrista","Chess Player","Joueur d'échec",1903,2000,
160,"E. L. T. Mesens",,"Masculino","Male","Homme","Bélgica","Belgium","Belgique","Bélgica","Belgium","Belgique","Artista","Artist","Artiste",1903,1971,
161,"André Crotti",,"Masculino","Male","Homme","Argentina","Argentina","Argentine","EUA","USA","Etats-Unis","Médico"," Doctor"," Médecin",1873,1958,
162,"Raymond Peter Pach",,"Masculino","Male","Homme","EUA","USA","Etats-Unis","EUA","USA","Etats-Unis","Cantor"," Singer"," Chanteur",1914,2008,
163,"Robert Allerton Parker",,"Masculino","Male","Homme","EUA","USA","Etats-Unis","NA","NA","NA","Escritor","Writer","Écrivain",1888,1970,
164,"Yves Tanguy",,"Masculino","Male","Homme","França","France","France","EUA","USA","Etats-Unis","Artista","Artist","Artiste",1900,1955,
165,"Fernand Léger",,"Masculino","Male","Homme","França","France","France","França","France","France","Artista","Artist","Artiste",1881,1955,
166,"Kurt Seligmann",,"Masculino","Male","Homme","Suiça","Switzerland","Suisse","EUA","USA","Etats-Unis","Artista","Artist","Artiste",1900,1962,
167,"Wols",,"Masculino","Male","Homme","Alemanha","Germany","Allemagne","França","France","France","Artista","Artist","Artiste",1913,1951,
168,"Charles Henri Ford",,"Masculino","Male","Homme","EUA","USA","Etats-Unis","EUA","USA","Etats-Unis","Escritor","Writer","Écrivain",1908,2002,
169,"James Thrall Soby",,"Masculino","Male","Homme","EUA","USA","Etats-Unis","EUA","USA","Etats-Unis","Crítico de arte","Art critic","Critique d'art",1906,1979,
170,"Nicolas Calas",,"Masculino","Male","Homme","Suiça","Switzerland","Suisse","EUA","USA","Etats-Unis","Escritor","Writer","Écrivain",1907,1988,
171,"Elisa Breton",,"Feminino","Female","Féminin","Chile","Chile","Chili","França","France","France","Artista","Artist","Artiste",1906,2000,
172,"Robert Tenger",,"Masculino","Male","Homme","França","France","France","NA","NA","NA","Publisher","Publisher","Éditeur","NA","NA",
173,"James Johnson Sweeney",,"Masculino","Male","Homme","EUA","USA","Etats-Unis","EUA","USA","Etats-Unis","Curador","Curator","Conservateur",1900,1986,
174,"Kay Boyle",,"Feminino","Female","Féminin","EUA","USA","Etats-Unis","EUA","USA","Etats-Unis","Escritor","Writer","Écrivain",1902,1992,
175,"Maharajah of Indore",,"Masculino","Male","Homme","Índia","India","Inde","Índia"," India","Inde","Marajá","Maharajah"," Maharaja",1908,1961,
176,"René Clair",,"Masculino","Male","Homme","França","France","France","França","France","France","Diretor"," Director"," Directeur",1898,1981,
177,"Mary Sterner",,"Feminino","Female","Féminin","NA","NA","NA","NA","NA","NA","Galerista","Gallery owner","Propriétaire de la galerie","NA","NA",
178,"Maria Jolas",,"Feminino","Female","Féminin","EUA","USA","Etats-Unis","França","France","France","Pacifista"," Pacifist"," Pacifiste",1893,1987,
179,"André Masson",,"Masculino","Male","Homme","França","France","France","França","France","France","Artista","Artist","Artiste",1896,1987,
180,"Monroe Wheeler",,"Masculino","Male","Homme","EUA","USA","Etats-Unis","EUA","USA","Etats-Unis","Curador","Curator","Conservateur",1899,1988,
181,"Juliet Browner",,"Feminino","Female","Féminin","EUA","USA","Etats-Unis","França","France","France","Dançarina","Dancer"," Danseur",1911,1991,
182,"John Ployardt",,"Masculino","Male","Homme","Canadá","Canada","Canada","Canadá","Canada","Canada","Dublador","voice actor","Doubleur",1916,1968,
183,"Enrico Donati",,"Masculino","Male","Homme","Itália","Italy","Italie","EUA","USA","Etats-Unis","Artista","Artist","Artiste",1909,2008,
184,"René Drouin",,"Masculino","Male","Homme","França","France","France","NA","NA","NA","Galerista","Gallery owner","Propriétaire de la galerie",1905,1979,
185,"Leo Castelli",,"Masculino","Male","Homme","Itália","Italy","Italie","EUA","USA","Etats-Unis","Galerista","Gallery owner","Propriétaire de la galerie",1907,1999,
186,"William Copley",,"Masculino","Male","Homme","EUA","USA","Etats-Unis","EUA","USA","Etats-Unis","Artista","Artist","Artiste",1919,1996,
187,"Roland Penrose",,"Masculino","Male","Homme","Reino Unido","UK","Grande Bretagne","Reino Unido","UK","Grande Bretagne","Artista","Artist","Artiste",1900,1983,
188,"Henri Hoppenot",,"Masculino","Male","Homme","França","France","France","França","France","France","Embaixador","Ambassador","Ambassadeur",1891,1977,
189,"Fiske Kimball",,"Masculino","Male","Homme","EUA","USA","Etats-Unis","Alemanha","Germany","Allemagne","Arquiteto","Architect","Architecte",1888,1955,
190,"Louis Carré",,"Masculino","Male","Homme","França","France","France","França","France","France","Galerista","Gallery owner","Propriétaire de la galerie",1897,1977,
191,"Jean Suquet",,"Masculino","Male","Homme","França","France","France","França","France","France","Escritor","Writer","Écrivain",1928,2007,
192,"Samuel A. Marx",,"Masculino","Male","Homme","EUA","USA","Etats-Unis","EUA","USA","Etats-Unis","Arquiteto","Architect","Architecte",1885,1964,
193,"Daniel Catton Rich",,"Masculino","Male","Homme","EUA","USA","Etats-Unis","EUA","USA","Etats-Unis","Curador","Curator","Conservateur",1904,1976,
194,"Katharine Kuh",,"Feminino","Female","Féminin","EUA","USA","Etats-Unis","EUA","USA","Etats-Unis","Curador","Curator","Conservateur",1904,1994,
195,"Harry Holtzman",,"Masculino","Male","Homme","EUA","USA","Etats-Unis","EUA","USA","Etats-Unis","Artista","Artist","Artiste",1912,1987,
196,"Maria Martins",,"Feminino","Female","Féminin","Brasil","Brazil","Brésil","Brasil","Brazil","Brésil","Artista","Artist","Artiste",1894,1973,
197,"Michel Carrouges",,"Masculino","Male","Homme","França","France","France","França","France","France","Escritor","Writer","Écrivain",1910,1988,
198,"Francis Henry Taylor",,"Masculino","Male","Homme","EUA","USA","Etats-Unis","EUA","USA","Etats-Unis","Curador","Curator","Conservateur",1903,1957,
199,"David Edward Finley",,"Masculino","Male","Homme","EUA","USA","Etats-Unis","EUA","USA","Etats-Unis","Representante de Museu","Museum Representative","Représentant du musée",1890,1977,
200,"Raymond Dumouchel",,"Masculino","Male","Homme","França","France","France","NA","NA","NA","Médico"," Doctor"," Médecin","NA","NA",
201,"Jean Fautrier",,"Masculino","Male","Homme","França","France","France","França","France","France","Artista","Artist","Artiste",1898,1964,
202,"Madeleine Castaing",,"Feminino","Female","Féminin","França","France","France","França","France","France","Designer","Designer","Designer",1894,1992,
203,"Mary Ann Adler",,"Feminino","Female","Féminin","Áustria","Austria","L'Autriche","EUA","USA","Etats-Unis","Restaurador"," restorer","Restaurateur",1888,1952,
204,"Hans Richter",,"Masculino","Male","Homme","Alemanha","Germany","Allemagne","Suiça","Switzerland","Suisse","Artista","Artist","Artiste",1888,1976,
205,"Jean Cassou",,"Masculino","Male","Homme","França","France","France","França","France","France","Escritor","Writer","Écrivain",1897,1986,
206,"Michel Sanouillet",,"Masculino","Male","Homme","França","France","France","França","France","France","Professor","Teacher","Professeur",1924,2015,
207,"Rose Fried",,"Feminino","Female","Féminin","NA","NA","NA","EUA","USA","Etats-Unis","Galerista","Gallery owner","Propriétaire de la galerie",1896,1970,
208,"George Heard Hamilton",,"Masculino","Male","Homme","EUA","USA","Etats-Unis","EUA","USA","Etats-Unis","Professor","Teacher","Professeur",1910,2004,
209,"Mary Elizabeth Dreier",,"Feminino","Female","Féminin","EUA","USA","Etats-Unis","EUA","USA","Etats-Unis","Filantropo","Philanthropist","Philanthrope",1875,1963,
210,"Marcel Jean",,"Masculino","Male","Homme","França","France","France","França","France","France","Artista","Artist","Artiste",1900,1993,
211,"Knud Merrild",,"Masculino","Male","Homme","Dinamarca"," Denmark","Danemark","Dinamarca"," Denmark","Danemark","Artista","Artist","Artiste",1894,1954,
212,"Paul Facchetti",,"Masculino","Male","Homme","Itália","Italy","Italie","França","France","France","Galerista","Gallery owner","Propriétaire de la galerie",1912,2010,
213,"Robert Lebel",,"Masculino","Male","Homme","França","France","France","França","France","France","Intelectual","Intellectual"," Intellectuel",1901,1986,
214,"Fleur Cowles",,"Feminino","Female","Féminin","EUA","USA","Etats-Unis","Reino Unido","UK","Grande Bretagne","Escritor","Writer","Écrivain",1908,2009,
215,"Dorothy Canning Miller",,"Feminino","Female","Féminin","EUA","USA","Etats-Unis","EUA","USA","Etats-Unis","Curador","Curator","Conservateur",1904,2003,
216,"Henry Clifford",,"Masculino","Male","Homme","EUA","USA","Etats-Unis","Suiça","Switzerland","Suisse","Curador","Curator","Conservateur",1904,1974,
217,"Teeny Matisse",,"Feminino","Female","Féminin","EUA","USA","Etats-Unis","França","France","France","NA","NA","NA",1906,1995,
218,"Daniel-Henry Kahnweiler",,"Masculino","Male","Homme","Alemanha","Germany","Allemagne","França","France","France","Galerista","Gallery owner","Propriétaire de la galerie",1884,1979,
219,"Eugenio Fernandez Granell",,"Masculino","Male","Homme","Espanha","Spain","Espagne","Espanha","Spain","Espagne","Artista","Artist","Artiste",1914,2001,
220,"George Wittenborn",,"Masculino","Male","Homme","Alemanha","Germany","Allemagne","EUA","USA","Etats-Unis","Book dealer","Book dealer"," libraire",1905,1974,
221,"Arnold Fawcus",,"Masculino","Male","Homme","Reino Unido","UK","Grande Bretagne","Reino Unido","UK","Grande Bretagne","Publisher","Publisher","Éditeur",1917,1979,
222,"Eric Losfeld",,"Masculino","Male","Homme","Bélgica","Belgium","Belgique","França","France","France","Publisher","Publisher","Éditeur",1922,1979,
223,"Guy Weelen",,"Masculino","Male","Homme","NA","NA","NA","NA","NA","NA","Intelectual","Intellectual"," Intellectuel",1919,1999,
224,"Jehan Mayoux",,"Masculino","Male","Homme","Áustria","Austria","L'Autriche","França","France","France","Escritor","Writer","Écrivain",1904,1975,
225,"Pierre Cailler",,"Masculino","Male","Homme","Suiça","Switzerland","Suisse","NA","NA","NA","Publisher","Publisher","Éditeur",1901,1971,
226,"Djuna Barnes",,"Feminino","Female","Féminin","EUA","USA","Etats-Unis","EUA","USA","Etats-Unis","Escritor","Writer","Écrivain",1892,1982,
227,"John D. Schiff",,"Masculino","Male","Homme","Alemanha","Germany","Allemagne","EUA","USA","Etats-Unis","Fotógrafo","Photographer","Photographe",1907,1976,
228,"Richard Hamilton",,"Masculino","Male","Homme","Reino Unido","UK","Grande Bretagne","Reino Unido","UK","Grande Bretagne","Artista","Artist","Artiste",1922,2011,
229,"Henry Steiner",,"Masculino","Male","Homme","Áustria","Austria","L'Autriche","NA","NA","NA","Designer","Designer","Designer",1934,"NA",
230,"Patrick Waldberg",,"Masculino","Male","Homme","EUA","USA","Etats-Unis","França","France","France","Crítico de arte","Art critic","Critique d'art",1913,1985,
231,"Samuel Beckett",,"Masculino","Male","Homme","Irlanda"," Ireland"," Irlande","França","France","France","Escritor","Writer","Écrivain",1906,1989,
232,"George Braziller",,"Masculino","Male","Homme","EUA","USA","Etats-Unis","EUA","USA","Etats-Unis","Publisher","Publisher","Éditeur",1916,2017,
233,"Roy Moyer",,"Masculino","Male","Homme","EUA","USA","Etats-Unis","EUA","USA","Etats-Unis","Curador","Curator","Conservateur",1921,2007,
234,"Pierre-André Benoit",,"Masculino","Male","Homme","França","France","France","França","France","France","Escritor","Writer","Écrivain",1921,1993,
235,"Jean Larcade",,"Masculino","Male","Homme","NA","NA","NA","França","France","France","Galerista","Gallery owner","Propriétaire de la galerie","NA",2013,
236,"Sidney Wallach",,"Masculino","Male","Homme","NA","NA","NA","EUA","USA","Etats-Unis","Filantropo","Philanthropist","Philanthrope",1905,1979,
237,"Maurice Bonnefoy",,"Masculino","Male","Homme","França","France","France","NA","NA","NA","Galerista","Gallery owner","Propriétaire de la galerie",1920,1999,
238,"Claude Tarnaud",,"Masculino","Male","Homme","França","France","France","França","France","France","Escritor","Writer","Écrivain",1922,1991,
239,"Robert Goldwater",,"Masculino","Male","Homme","EUA","USA","Etats-Unis","EUA","USA","Etats-Unis","Representante de museu","Museum Representative","Représentant du musée",1907,1973,
240,"Jacqueline Monnier",,"Feminino","Female","Féminin","França","France","France","França","France","France","Artista","Artist","Artiste",1931,2021,
241,"Arturo Schwarz",,"Masculino","Male","Homme","Egito"," Egypt"," Egypte","Itália","Italy","Italie","Galerista","Gallery owner","Propriétaire de la galerie",1924,2021,
242,"Jean-Marie Drot",,"Masculino","Male","Homme","França","France","France","França","France","France","Cineasta"," Réalisateur"," Film-maker",1929,2015,
243,"George Staempfli",,"Masculino","Male","Homme","Suiça","Switzerland","Suisse","EUA","USA","Etats-Unis","Galerista","Gallery owner","Propriétaire de la galerie",1910,1999,
244,"Arne Ekstrom",,"Masculino","Male","Homme","Suécia"," Sweden"," Suède","EUA","USA","Etats-Unis","Galerista","Gallery owner","Propriétaire de la galerie",1908,1996,
245,"Parmenia Migel",,"Feminino","Female","Féminin","EUA","USA","Etats-Unis","EUA","USA","Etats-Unis","Intelectual","Intellectual"," Intellectuel",1908,1989,
246,"Douglas Gorsline",,"Masculino","Male","Homme","EUA","USA","Etats-Unis","França","France","France","Artista","Artist","Artiste",1913,1985,
247,"Isabelle Waldberg",,"Feminino","Female","Féminin","Suiça","Switzerland","Suisse","Suiça","Switzerland","Suisse","Artista","Artist","Artiste",1911,1990,
248,"Jeannine Picabia",,"Feminino","Female","Féminin","França","France","France","França","France","France","Artista","Artist","Artiste",1913,1977,
249,"Pierre Cabanne",,"Masculino","Male","Homme","França","France","France","França","France","France","Crítico de arte","Art critic","Critique d'art",1921,2007,
250,"Eugène Duchamp",,"Masculino","Male","Homme","França","France","France","França","France","France","Notário"," Notary"," Notaire",1848,1925,
251,"Marie Caroline Lucie Duchamp",,"Feminino","Female","Féminin","França","France","France","França","France","France","NA","NA","NA",1860,1925,
252,"Clemence Lebourg",,"Feminino","Female","Féminin","França","France","France","França","France","France","Housekeeper","Housekeeper","Gouvernante","NA",1925,
253,"Ferdinand Tribout",,"Masculino","Male","Homme","NA","NA","NA","NA","NA","NA","Médico"," Doctor"," Médecin","NA","NA",
254,"Philippe Zacharie",,"Masculino","Male","Homme","França","France","France","França","France","France","Artista","Artist","Artiste",1849,1915,
255,"Pierre Dumont",,"Masculino","Male","Homme","França","France","France","França","France","France","Artista","Artist","Artiste",1884,1936,
256,"Robert Pinchon",,"Masculino","Male","Homme","França","France","France","França","France","France","Artista","Artist","Artiste",1886,1943,
257,"Gustave Hervieu",,"Masculino","Male","Homme","NA","NA","NA","NA","NA","NA","NA","NA","NA","NA","NA",
258,"Yvonne Bon",,"Feminino","Female","Féminin","França","France","France","NA","NA","NA","NA","NA","NA","NA","NA",
259,"Jacques Bon",,"Masculino","Male","Homme","NA","NA","NA","NA","NA","NA","Artista","Artist","Artiste","NA","NA",
260,"Frantisek Kupka",,"Masculino","Male","Homme","República Tcheca","Czech republic","République tchèque","França","France","France","Artista","Artist","Artiste",1871,1957,
261,"Gustave Candel",,"Masculino","Male","Homme","NA","NA","NA","NA","NA","NA","NA","NA","NA","NA","NA",
262,"Juan Gris",,"Masculino","Male","Homme","Espanha","Spain","Espagne","França","France","France","Artista","Artist","Artiste",1887,1927,
263,"Max Bergmann",,"Masculino","Male","Homme","Alemanha","Germany","Allemagne","Alemanha","Germany","Allemagne","Artista","Artist","Artiste",1884,1955,
264,"Jeanne Sèrre",,"Feminino","Female","Féminin","França","France","France","NA","NA","NA","NA","NA","NA","NA","NA",
265,"Jean Metzinger",,"Masculino","Male","Homme","França","France","France","França","France","France","Artista","Artist","Artiste",1883,1956,
266,"Henri Le Fauconnier",,"Masculino","Male","Homme","França","France","France","França","France","France","Artista","Artist","Artiste",1881,1946,
267,"André Salmon",,"Masculino","Male","Homme","França","France","France","França","France","France","Escritor","Writer","Écrivain",1881,1969,
268,"Roger de La Fresnaye",,"Masculino","Male","Homme","França","France","France","França","France","France","Artista","Artist","Artiste",1885,1925,
269,"Maurice Princet",,"Masculino","Male","Homme","França","France","France","NA","NA","NA","Matemático"," Mathematical"," Mathématique",1875,1973,
270,"Gertrude Stein",,"Feminino","Female","Féminin","EUA","USA","Etats-Unis","França","France","France","Escritor","Writer","Écrivain",1874,1946,
271,"Mabel Dodge",,"Feminino","Female","Féminin","EUA","USA","Etats-Unis","EUA","USA","Etats-Unis","Colecionador de Arte","Art collector","Collectionneur d'art",1879,1962,
272,"Wallace Stevens",,"Masculino","Male","Homme","EUA","USA","Etats-Unis","EUA","USA","Etats-Unis","Escritor","Writer","Écrivain",1879,1955,
273,"Juliette Roche",,"Feminino","Female","Féminin","França","France","France","NA","NA","NA","Artista","Artist","Artiste",1884,1980,
274,"Louise Norton",,"Feminino","Female","Féminin","EUA","USA","Etats-Unis","EUA","USA","Etats-Unis","Escritor","Writer","Écrivain",1980,1989,
275,"Stéphan Bourgeois",,"Masculino","Male","Homme","Alemanha","Germany","Allemagne","NA","NA","NA","Art Dealer","Art Dealer","Marchand d'art",1881,1964,
276,"William Carlos Williams",,"Masculino","Male","Homme","EUA","USA","Etats-Unis","EUA","USA","Etats-Unis","Escritor","Writer","Écrivain",1883,1963,
277,"Charles Demuth",,"Masculino","Male","Homme","EUA","USA","Etats-Unis","EUA","USA","Etats-Unis","Artista","Artist","Artiste",1883,1935,
278,"Samuel Halpert",,"Masculino","Male","Homme","Polônia","Poland","Pologne","EUA","USA","Etats-Unis","Artista","Artist","Artiste",1884,1930,
279,"John Covert",,"Masculino","Male","Homme","EUA","USA","Etats-Unis","EUA","USA","Etats-Unis","Artista","Artist","Artiste",1882,1960,
280,"Maxwell Bodenheim",,"Masculino","Male","Homme","EUA","USA","Etats-Unis","EUA","USA","Etats-Unis","Escritor","Writer","Écrivain",1892,1954,
281,"William Glackens",,"Masculino","Male","Homme","EUA","USA","Etats-Unis","EUA","USA","Etats-Unis","Artista","Artist","Artiste",1870,1938,
282,"George Bellows",,"Masculino","Male","Homme","EUA","USA","Etats-Unis","EUA","USA","Etats-Unis","Artista","Artist","Artiste",1882,1925,
283,"Rockwell Kent",,"Masculino","Male","Homme","EUA","USA","Etats-Unis","EUA","USA","Etats-Unis","Artista","Artist","Artiste",1882,1971,
284,"Maurice Prendergast",,"Masculino","Male","Homme","Canadá","Canada","Canada","EUA","USA","Etats-Unis","Artista","Artist","Artiste",1858,1924,
285,"John Marin",,"Masculino","Male","Homme","EUA","USA","Etats-Unis","EUA","USA","Etats-Unis","Artista","Artist","Artiste",1870,1953,
286,"John Sloan",,"Masculino","Male","Homme","EUA","USA","Etats-Unis","EUA","USA","Etats-Unis","Artista","Artist","Artiste",1871,1951,
287,"Elizabeth Duncan",,"Feminino","Female","Féminin","EUA","USA","Etats-Unis","Alemanha","Germany","Allemagne","Dançarina","Dancer"," Danseur",1871,1948,
288,"Jean Acker",,"Feminino","Female","Féminin","EUA","USA","Etats-Unis","EUA","USA","Etats-Unis","Ator","Actor","Acteur",1892,1978,
289,"Erik Satie",,"Masculino","Male","Homme","França","France","France","França","France","France","Compositor"," Composer"," Compositeur",1866,1925,
290,"Jacques Rigaut",,"Masculino","Male","Homme","França","France","France","França","France","France","Escritor","Writer","Écrivain",1898,1929,
291,"Paul Eluard",,"Masculino","Male","Homme","França","France","France","França","France","France","Escritor","Writer","Écrivain",1895,1952,
292,"Theodore Fraenkel",,"Masculino","Male","Homme","França","France","France","França","France","France","Escritor","Writer","Écrivain",1896,1964,
293,"Philippe Soupault",,"Masculino","Male","Homme","França","France","France","França","France","France","Escritor","Writer","Écrivain",1897,1990,
294,"Paul Poiret",,"Masculino","Male","Homme","França","France","France","França","France","France","Estilista"," Stylist","Styliste",1879,1944,
295,"Leon Hartl",,"Masculino","Male","Homme","França","France","France","EUA","USA","Etats-Unis","Artista","Artist","Artiste",1889,1973,
296,"Wassily Kandinsky",,"Masculino","Male","Homme","Rússia","Russia","Russie","França","France","France","Artista","Artist","Artiste",1866,1944,
297,"Paul Klee",,"Masculino","Male","Homme","Suiça","Switzerland","Suisse","Suiça","Switzerland","Suisse","Artista","Artist","Artiste",1879,1940,
298,"Marie Laurencin",,"Feminino","Female","Féminin","França","France","France","França","France","France","Artista","Artist","Artiste",1883,1956,
299,"Marc Allégret",,"Masculino","Male","Homme","Suiça","Switzerland","Suisse","França","France","France","Cineasta"," Réalisateur"," Film-maker",1900,1973,
300,"Jeanne Montjovet",,"Feminino","Female","Féminin","NA","NA","NA","NA","NA","NA","Cantor"," Singer"," Chanteur","NA","NA",
301,"Kurt Schwitters",,"Masculino","Male","Homme","Alemanha","Germany","Allemagne","Reino Unido","UK","Grande Bretagne","Artista","Artist","Artiste",1887,1948,
302,"Edward Lasker",,"Masculino","Male","Homme","Polônia","Poland","Pologne","EUA","USA","Etats-Unis","Enxadrista","Chess Player","Joueur d'échec",1885,1981,
303,"Vitaly Halberstadt",,"Masculino","Male","Homme","Ucrânia","Ukraine","Ukraine","França","France","France","Enxadrista","Chess Player","Joueur d'échec",1903,1967,
304,"Eugene Znosko-Borovsky",,"Masculino","Male","Homme","Rússia","Russia","Russie","França","France","France","Enxadrista","Chess Player","Joueur d'échec",1884,1954,
305,"Marjorie Hubachek Watkins",,"Feminino","Female","Féminin","NA","NA","NA","NA","NA","NA","NA","NA","NA",1921,2016,
306,"Mary Callery",,"Feminino","Female","Féminin","EUA","USA","Etats-Unis","França","France","France","Artista","Artist","Artiste",1903,1977,
307,"Alexander Calder",,"Masculino","Male","Homme","EUA","USA","Etats-Unis","EUA","USA","Etats-Unis","Artista","Artist","Artiste",1898,1976,
308,"Edouard Tériade",,"Masculino","Male","Homme","NA","NA","NA","NA","NA","NA","NA","NA","NA","NA","NA",
309,"Daniel MacMorris",,"Masculino","Male","Homme","EUA","USA","Etats-Unis","NA","NA","NA","Artista","Artist","Artiste",1893,1981,
310,"Kenneth Macgowan",,"Masculino","Male","Homme","EUA","USA","Etats-Unis","EUA","USA","Etats-Unis","Produtor de cinema"," Cinema producer"," Producteur de cinéma",1888,1963,
311,"Howard Putzel",,"Masculino","Male","Homme","EUA","USA","Etats-Unis","EUA","USA","Etats-Unis","Art Dealer","Art Dealer","Marchand d'art",1898,1945,
312,"Laurence Vail",,"Masculino","Male","Homme","França","France","France","França","France","France","Escritor","Writer","Écrivain",1891,1968,
313,"Jessica Daves",,"Feminino","Female","Féminin","EUA","USA","Etats-Unis","EUA","USA","Etats-Unis","Escritor","Writer","Écrivain",1898,1974,
314,"Michael Cedric Sinbad Vail",,"Masculino","Male","Homme","Reino Unido","UK","Grande Bretagne","EUA","USA","Etats-Unis","NA","NA","NA",1923,1986,
315,"John Cage",,"Masculino","Male","Homme","EUA","USA","Etats-Unis","EUA","USA","Etats-Unis","Compositor"," Composer"," Compositeur",1912,1992,
316,"Xenia Cage",,"Feminino","Female","Féminin","EUA","USA","Etats-Unis","EUA","USA","Etats-Unis","Artista","Artist","Artiste",1913,1995,
317,"Piet Mondrian",,"Masculino","Male","Homme","Holanda","Netherlands"," Pays-Bas","EUA","USA","Etats-Unis","Artista","Artist","Artiste",1872,1944,
318,"Gypsy Rose Lee",,"Feminino","Female","Féminin","EUA","USA","Etats-Unis","EUA","USA","Etats-Unis","Ator","Actor","Acteur",1911,1970,
319,"Joseph Cornell",,"Masculino","Male","Homme","EUA","USA","Etats-Unis","EUA","USA","Etats-Unis","Artista","Artist","Artiste",1903,1972,
320,"David Hare",,"Masculino","Male","Homme","EUA","USA","Etats-Unis","EUA","USA","Etats-Unis","Artista","Artist","Artiste",1917,1992,
321,"Stanley William Hayter",,"Masculino","Male","Homme","Reino Unido","UK","Grande Bretagne","França","France","France","Artista","Artist","Artiste",1901,1988,
322,"Leonora Carrington",,"Feminino","Female","Féminin","Reino Unido","UK","Grande Bretagne","México","Mexico","Mexique","Artista","Artist","Artiste",1917,2011,
323,"John Ferren",,"Masculino","Male","Homme","EUA","USA","Etats-Unis","EUA","USA","Etats-Unis","Artista","Artist","Artiste",1905,1970,
324,"Robert Motherwell",,"Masculino","Male","Homme","EUA","USA","Etats-Unis","EUA","USA","Etats-Unis","Artista","Artist","Artiste",1915,1991,
325,"Denis de Rougemont",,"Masculino","Male","Homme","Suiça","Switzerland","Suisse","Suiça","Switzerland","Suisse","Escritor","Writer","Écrivain",1906,1985,
326,"Roberto Matta",,"Masculino","Male","Homme","Chile","Chile","Chili","Itália","Italy","Italie","Artista","Artist","Artiste",1911,2002,
327,"Arshile Gorky",,"Masculino","Male","Homme","Turquia"," Türkiye"," Turquie","EUA","USA","Etats-Unis","Artista","Artist","Artiste",1904,1948,
328,"Dorothea Tanning ",,"Feminino","Female","Féminin","EUA","USA","Etats-Unis","EUA","USA","Etats-Unis","Artista","Artist","Artiste",1910,2012,
329,"Robert McAlmon",,"Masculino","Male","Homme","EUA","USA","Etats-Unis","EUA","USA","Etats-Unis","Escritor","Writer","Écrivain",1895,1956,
330,"Patricia Matta",,"Feminino","Female","Féminin","NA","NA","NA","NA","NA","NA","NA","NA","NA","NA","NA",
331,"Ilia Zdanevich",,"Masculino","Male","Homme","Rússia","Russia","Russie","França","France","France","Escritor","Writer","Écrivain",1894,1975,
332,"Rufino Tamayo",,"Masculino","Male","Homme","México","Mexico","Mexique","México","Mexico","Mexique","Artista","Artist","Artiste",1889,1991,
333,"Olga Tamayo",,"Feminino","Female","Féminin","México","Mexico","Mexique","México","Mexico","Mexique","NA","NA","NA",1906,1994,
334,"Robert Rauschenberg",,"Masculino","Male","Homme","EUA","USA","Etats-Unis","EUA","USA","Etats-Unis","Artista","Artist","Artiste",1925,2008,
335,"Jasper Johns",,"Masculino","Male","Homme","EUA","USA","Etats-Unis","NA","NA","NA","Artista","Artist","Artiste",1930,"NA",
336,"Merce Cunningham",,"Masculino","Male","Homme","EUA","USA","Etats-Unis","EUA","USA","Etats-Unis","Coreógrafo","Choreographer","Chorégraphe",1919,2009,
337,"Jean Tinguely",,"Masculino","Male","Homme","Suíça","Switzerland"," Suisse","Suíça","Switzerland"," Suisse","Artista","Artist","Artiste",1925,1991,
338,"Walter Hopps",,"Masculino","Male","Homme","EUA","USA","Etats-Unis","EUA","USA","Etats-Unis","Curador","Curator","Conservateur",1932,2005,
339,"Thomas Leavitt",,"Masculino","Male","Homme","EUA","USA","Etats-Unis","EUA","USA","Etats-Unis","Representante de museu","Museum Representative","Représentant du musée",1930,2010,
340,"Edward Kienholz",,"Masculino","Male","Homme","EUA","USA","Etats-Unis","EUA","USA","Etats-Unis","Artista","Artist","Artiste",1927,1994,
341,"Billy Al Bengston",,"Masculino","Male","Homme","EUA","USA","Etats-Unis","EUA","USA","Etats-Unis","Artista","Artist","Artiste",1934,1934,
342,"Larry Bell",,"Masculino","Male","Homme","EUA","USA","Etats-Unis","NA","NA","NA","Artista","Artist","Artiste",1939,"NA",
343,"Robert Irwin",,"Masculino","Male","Homme","EUA","USA","Etats-Unis","NA","NA","NA","Artista","Artist","Artiste",1928,"NA",
344,"Edward Ruscha",,"Masculino","Male","Homme","EUA","USA","Etats-Unis","NA","NA","NA","Artista","Artist","Artiste",1937,"NA",
345,"Ed Moses",,"Masculino","Male","Homme","EUA","USA","Etats-Unis","EUA","USA","Etats-Unis","Artista","Artist","Artiste",1926,2018,
346,"Robert Rowan",,"Masculino","Male","Homme","EUA","USA","Etats-Unis","EUA","USA","Etats-Unis","Artista","Artist","Artiste",1910,1995,
347,"Dennis Hopper",,"Masculino","Male","Homme","EUA","USA","Etats-Unis","EUA","USA","Etats-Unis","Ator","Actor","Acteur",1936,2010,
348,"Betty Factor",,"Feminino","Female","Féminin","NA","NA","NA","NA","NA","NA","Colecionador de arte","Art collector","Collectionneur d'art","NA","NA",
349,"Donald Factor",,"Masculino","Male","Homme","NA","NA","NA","NA","NA","NA","Colecionador de Arte","Art collector","Collectionneur d'art","NA","NA",
350,"Betty Asher",,"Feminino","Female","Féminin","EUA","USA","Etats-Unis","EUA","USA","Etats-Unis","Colecionador de Arte","Art collector","Collectionneur d'art",1914,1994,
351,"Julian Wasser",,"Masculino","Male","Homme","EUA","USA","Etats-Unis","NA","NA","NA","Fotógrafo","Photographer","Photographe",1938,2023,
352,"Eve Babitz",,"Feminino","Female","Féminin","EUA","USA","Etats-Unis","NA","NA","NA","Escritor","Writer","Écrivain",1943,2021,
353,"Ulf Linde",,"Masculino","Male","Homme","Suécia"," Sweden"," Suède","Suécia"," Sweden"," Suède","Crítico de Arte","Art critic","Critique d'art",1929,2013,
354,"Bronia Perlmutter Clair",,"Feminino","Female","Féminin","Polônia","Poland","Pologne","França","France","France","Modelo"," Model"," Modèle",1906,2004,
355,"Bobby Fischer",,"Masculino","Male","Homme","EUA","USA","Etats-Unis","Islândia"," Iceland"," Islande","Enxadrista","Chess Player","Joueur d'échec",1943,2008,
356,"Andy Warhol",,"Masculino","Male","Homme","EUA","USA","Etats-Unis","EUA","USA","Etats-Unis","Artista","Artist","Artiste",1928,1987,
357,"Denise Hare",,"Feminino","Female","Féminin","NA","NA","NA","NA","NA","NA","Fotógrafo","Photographer","Photographe","NA","NA",
358,"Emilio Puignau",,"Masculino","Male","Homme","Espanha","Spain","Espagne","NA","NA","NA","Prefeito"," Mayor"," Maire","NA","NA",
359,"Evan Turner",,"Masculino","Male","Homme","EUA","USA","Etats-Unis","EUA","USA","Etats-Unis","Representante de Museu","Museum Representative","Représentant du musée",1927,2020,
360,"Mary Sisler",,"Feminino","Female","Féminin","EUA","USA","Etats-Unis","NA","NA","NA","Colecionador de Arte","Art collector","Collectionneur d'art",1904,1990,
361,"Yo Savy",,"Feminino","Female","Féminin","França","France","France","França","France","France","Artista","Artist","Artiste",1911,2003,
362,"Jacques Savy",,"Masculino","Male","Homme","NA","NA","NA","NA","NA","NA","Engenheiro"," Engineer"," Ingénieur","NA","NA",
363,"Olga Popovitch",,"Feminino","Female","Féminin","França","France","France","França","France","France","Escritor","Writer","Écrivain",1912,1989,
364,"Cleve Gray",,"Masculino","Male","Homme","EUA","USA","Etats-Unis","EUA","USA","Etats-Unis","Artista","Artist","Artiste",1918,2004,
365,"Gianfranco Baruchello",,"Masculino","Male","Homme","Itália","Italy","Italie","Itália","Italy","Italie","Artista","Artist","Artiste",1924,1924,
366,"Nina Lebel",,"Feminino","Female","Féminin","NA","NA","NA","NA","NA","NA","Artista","Artist","Artiste",1907,"NA",
367,"Lewis Jacobs",,"Masculino","Male","Homme","EUA","USA","Etats-Unis","EUA","USA","Etats-Unis","Diretor"," Director"," Directeur",1904,1997,
368,"Adolphe Willette",,"Masculino","Male","Homme","França","France","France","França","France","France","Artista","Artist","Artiste",1857,1926,
369,"Abel Faivre",,"Masculino","Male","Homme","França","France","France","França","France","France","Artista","Artist","Artiste",1867,1945,
370,"Jean Cocteau",,"Masculino","Male","Homme","França","France","France","França","France","France","Artista","Artist","Artiste",1889,1963,
371,"Max Jacob",,"Masculino","Male","Homme","França","France","France","França","France","France","Artista","Artist","Artiste",1876,1944,
372,"Arthur Jerome Eddy",,"Masculino","Male","Homme","EUA","USA","Etats-Unis","EUA","USA","Etats-Unis","Colecionador de Arte","Art collector","Collectionneur d'art",1859,1920,
373,"Daniel Tzanck",,"Masculino","Male","Homme","Rússia","Russia","Russie","França","France","France","Dentista"," Dentist"," Dentiste",1874,1964,
374,"Rolf de Maré",,"Masculino","Male","Homme","Suécia"," Sweden"," Suède","Espanha","Spain","Espagne","Colecionador de Arte","Art collector","Collectionneur d'art",1888,1964,
375,"Arthur Dove",,"Masculino","Male","Homme","EUA","USA","Etats-Unis","EUA","USA","Etats-Unis","Artista","Artist","Artiste",1880,1946,
376,"Guy Lévis Mano",,"Masculino","Male","Homme","Grécia","Greece","Grèce","França","France","France","Escritor","Writer","Écrivain",1904,1980,
377,"Alexander Liberman",,"Masculino","Male","Homme","Ucrânia","Ukraine","Ukraine","EUA","USA","Etats-Unis","Editor"," Editor"," Éditeur",1912,1999,
378," Armand Pierre Fernandez",,"Masculino","Male","Homme","França","France","France","EUA","USA","Etats-Unis","Artista","Artist","Artiste",1928,2005,
379,"Martial Raysse",,"Masculino","Male","Homme","França","France","France","NA","NA","NA","Artista","Artist","Artiste",1936,"NA",
380,"Daniel Spoerri",,"Masculino","Male","Homme","Suiça","Switzerland","Suisse","NA","NA","NA","Artista","Artist","Artiste",1930,"NA",
381,"Carl Zigrosser",,"Masculino","Male","Homme","EUA","USA","Etats-Unis","Suiça","Switzerland","Suisse","Art Dealer","Art Dealer","Marchand d'art",1891,1975,
382,"Carole Cook",,"Feminino","Female","Féminin","EUA","USA","Etats-Unis","EUA","USA","Etats-Unis","Ator","Actor","Acteur",1924,2023,
383,"Charles Henri Ford",,"Masculino","Male","Homme","EUA","USA","Etats-Unis","EUA","USA","Etats-Unis","Escritor","Writer","Écrivain",1908,2002,
384,"Vera Schwarz",,"Feminino","Female","Féminin","NA","NA","NA","NA","NA","NA","NA","NA","NA","NA","NA",
385,"Monte Factor",,"Masculino","Male","Homme","EUA","USA","Etats-Unis","EUA","USA","Etats-Unis","Art Dealer","Art Dealer","Marchand d'art",1917,2011,
386,"Esteve Francés",,"Masculino","Male","Homme","Espanha","Spain","Espagne","Espanha","Spain","Espagne","Artista","Artist","Artiste",1913,1976,
387,"Suzanne Césaire",,"Feminino","Female","Féminin","Martinica","Martinique","Martinique","França","France","France","Escritor","Writer","Écrivain",1915,1966,
388,"Aimé Césaire",,"Masculino","Male","Homme","Martinica","Martinique","Martinique","Martinica","Martinique","Martinique","Escritor","Writer","Écrivain",1913,2008,
389,"Sonja Sekula",,"Feminino","Female","Féminin","Suiça","Switzerland","Suisse","Suíça","Switzerland","Suisse","Artista","Artist","Artiste",1918,1963,
390,"Elena Calas",,"Feminino","Female","Féminin","NA","NA","NA","NA","NA","NA","NA","NA","NA","NA","NA",
391,"Enrico Baj",,"Masculino","Male","Homme","Itália","Italy","Italie","Itália","Italy","Italie","Artista","Artist","Artiste",1924,2003,
392,"Carolyn Brown",,"Feminino","Female","Féminin","EUA","USA","Etats-Unis","NA","NA","NA","Coreógrafo","Choreographer","Chorégraphe",1927,"NA",
393,"Bernard Monnier",,"Masculino","Male","Homme","França","France","France","NA","NA","NA","Banqueiro"," Banker"," Banquier","NA","NA",
394,"Elizabeth S. Wrigley",,"Feminino","Female","Féminin","EUA","USA","Etats-Unis","EUA","USA","Etats-Unis","Bibliotecário","Librarian"," bibliothécaire",1915,1997,
395,"Addison Franklin Page",,"Masculino","Male","Homme","NA","NA","NA","EUA","USA","Etats-Unis","Curador","Curator","Conservateur",1911,1997,
396,"Oscar Reutersvärd",,"Masculino","Male","Homme","Suécia"," Sweden"," Suède","Suécia","Suécia"," Sweden","Artista","Artist","Artiste",1915,2002,
397,"Carlo Derkert",,"Masculino","Male","Homme","Itália","Italy","Italie","Suécia","Suécia"," Sweden","Representante de Museu","Museum Representative","Représentant du musée",1915,1994,
398,"Pontus Hultén",,"Masculino","Male","Homme","Suécia"," Sweden"," Suède","Suécia","Suécia"," Sweden","Colecionador de Arte","Art collector","Collectionneur d'art",1924,2006,
399,"Catherine Guilbert",,"Feminino","Female","Féminin","NA","NA","NA","NA","NA","NA","NA","NA","NA","NA","NA",
400,"Fortuné Guilbert",,"Masculino","Male","Homme","NA","NA","NA","NA","NA","NA","NA","NA","NA","NA","NA",
401,"Catherine Duchamp",,"Feminino","Female","Féminin","NA","NA","NA","NA","NA","NA","NA","NA","NA",1821,1908,
402,"Madame Aubert",,"Feminino","Female","Féminin","NA","NA","NA","NA","NA","NA","NA","NA","NA","NA","NA",
403,"M. Aubert",,"Masculino","Male","Homme","NA","NA","NA","NA","NA","NA","NA","NA","NA","NA","NA",
404,"Barnet Hodes",,"Masculino","Male","Homme","NA","NA","NA","NA","NA","NA","NA","NA","NA","NA","NA",
405,"Henri Gabriel Marceau",,"Masculino","Male","Homme","EUA","USA","Etats-Unis","EUA","USA","Etats-Unis","Representante de Museu","Museum Representative","Représentant du musée",1896,1969,
406,"Frank P. Graham",,"Masculino","Male","Homme","EUA","USA","Etats-Unis","NA","NA","NA","Representante de Museu","Museum Representative","Représentant du musée","NA","NA",
407,"Monique Fong Wust",,"Feminino","Female","Féminin","NA","NA","NA","NA","NA","NA","Tradutora"," translator"," traducteur",1926,"NA",
408,"May G. Kane",,"Feminino","Female","Féminin","NA","NA","NA","NA","NA","NA","Representante de Museu","Museum Representative","Représentant du musée","NA","NA",
409,"Marianne W. Martin",,"Feminino","Female","Féminin","NA","NA","NA","NA","NA","NA","Intelectual","Intellectual"," Intellectuel","NA","NA",
410,"Lawrence D. Steefel",,"Masculino","Male","Homme","EUA","USA","Etats-Unis","EUA","USA","Etats-Unis","Intelectual","Intellectual"," Intellectuel",1894,1976,
411,"Joseph Solomon",,"Masculino","Male","Homme","NA","NA","NA","NA","NA","NA","NA","NA","NA","NA","NA",
412,"Irving Drutman",,"Masculino","Male","Homme","EUA","USA","Etats-Unis","EUA","USA","Etats-Unis","Jornalista"," Journalist"," Journaliste",1910,1978,
413,"Virginia Harriman",,"Feminino","Female","Féminin","NA","NA","NA","NA","NA","NA","Representante de Museu","Museum Representative","Représentant du musée","NA","NA",
414,"Anne d'Harnoncourt",,"Feminino","Female","Féminin","EUA","USA","Etats-Unis","EUA","USA","Etats-Unis","Representante de Museu","Museum Representative","Représentant du musée",1943,2008,
415,"Duke Ellington",,"Masculino","Male","Homme","EUA","USA","Etats-Unis","EUA","USA","Etats-Unis","Músico"," Musician"," Musicien",1899,1974,
416,"Sonia Delaunay",,"Feminino","Female","Féminin","Ucrânia","Ukraine","Ukraine","França","France","France","Artista","Artist","Artiste",1885,1979,
417,"Lucio Fontana",,"Masculino","Male","Homme","Argentina","Argentina","Argentine","Itália","Italy","Italie","Artista","Artist","Artiste",1899,1968,
418,"Jeanne Léger",,"Feminino","Female","Féminin","NA","NA","NA","NA","NA","NA","Artista","Artist","Artiste","NA","NA",
419,"Lillian Kiesler",,"Feminino","Female","Féminin","NA","NA","NA","EUA","USA","Etats-Unis","Artista","Artist","Artiste",1911,2001,
420,"Xanti Schawinsky",,"Masculino","Male","Homme","Suiça","Switzerland","Suisse","Suiça","Switzerland","Suisse","Artista","Artist","Artiste",1904,1979,
421,"Marguerite Blanche Duchamp",,"Feminino","Female","Féminin","França","France","France","NA","NA","NA","NA","NA","NA",1872,"NA",
422,"Gabrielle Duchamp Jaumes",,"Feminino","Female","Féminin","NA","NA","NA","NA","NA","NA","NA","NA","NA",1873,1967,
423,"Paul Matisse",,"Masculino","Male","Homme","EUA","USA","Etats-Unis","EUA","USA","Etats-Unis","Artista","Artist","Artiste",1933,"NA",
424,"Raoul de Roussy de Sales",,"Masculino","Male","Homme","França","France","France","NA","NA","NA","Jornalista"," Journalist"," Journaliste",1896,1942,
425,"Sophie Treadwell",,"Feminino","Female","Féminin","EUA","USA","Etats-Unis","EUA","USA","Etats-Unis","Escritor","Writer","Écrivain",1885,1970,
426,"Mim Fogt",,"Feminino","Female","Féminin","França","France","France","NA","NA","NA","Artista","Artist","Artiste",1923,2005,
427,"Irina Codreanu",,"Feminino","Female","Féminin","Romênia","Romania","Roumanie","França","France","France","Artista","Artist","Artiste",1896,1985,
428,"Lizica Codreanu-Fontenoy",,"Feminino","Female","Féminin","Romênia","Romania","Roumanie","França","France","France","Dançarina","Dancer"," Danseur",1901,1993,
429,"Jan Hein Donner",,"Masculino","Male","Homme","Holanda","Netherlands"," Pays-Bas","Holanda","Netherlands"," Pays-Bas","Enxadrista","Chess Player","Joueur d'échec",1927,1988,
430,"Claude Givaudan",,"Masculino","Male","Homme","Suiça","Switzerland","Suisse","NA","NA","NA","Galerista","Gallery owner","Propriétaire de la galerie",1938,1988,
431,"Elena Baruchello",,"Feminino","Female","Féminin","NA","NA","NA","NA","NA","NA","NA","NA","NA","NA","NA",
432,"Henriette Gomès",,"Feminino","Female","Féminin","NA","NA","NA","NA","NA","NA","NA","NA","NA","NA","NA",
433,"André Gomès",,"Masculino","Male","Homme","NA","NA","NA","NA","NA","NA","NA","NA","NA","NA","NA",
434,"Henri Cartier-Bresson",,"Masculino","Male","Homme","França","France","France","França","France","France","Fotógrafo","Photographer","Photographe",1908,2004,
435,"Arnold Eagle",,"Masculino","Male","Homme","Hungria","Hungary","Hongrie","EUA","USA","Etats-Unis","Fotógrafo","Photographer","Photographe",1909,1992,
